sector_id,sector_name,district,sector_name_key,district_key,sector_area_km2,sentinel__matched_row_count,sentinel__elevation__count,sentinel__elevation__mean,sentinel__elevation__median,sentinel__elevation__min,sentinel__elevation__max,sentinel__elevation__std,sentinel__latitude__count,sentinel__latitude__mean,sentinel__latitude__median,sentinel__latitude__min,sentinel__latitude__max,sentinel__latitude__std,sentinel__longitude__count,sentinel__longitude__mean,sentinel__longitude__median,sentinel__longitude__min,sentinel__longitude__max,sentinel__longitude__std,sentinel__mndwi__count,sentinel__mndwi__mean,sentinel__mndwi__median,sentinel__mndwi__min,sentinel__mndwi__max,sentinel__mndwi__std,sentinel__ndbi__count,sentinel__ndbi__mean,sentinel__ndbi__median,sentinel__ndbi__min,sentinel__ndbi__max,sentinel__ndbi__std,sentinel__ndvi__count,sentinel__ndvi__mean,sentinel__ndvi__median,sentinel__ndvi__min,sentinel__ndvi__max,sentinel__ndvi__std,sentinel__slope__count,sentinel__slope__mean,sentinel__slope__median,sentinel__slope__min,sentinel__slope__max,sentinel__slope__std
RWA.1.4.1_1,Busogo,Musanze,busogo,musanze,20.158313742220237,224,224,2216.125386904762,2200.2727777777777,1981.838888888889,2465.862222222222,85.79751203753575,224,-1.559471323040651,-1.5617211215020168,-1.585975634296024,-1.5266868256852566,0.012307378897122287,224,29.561943845262693,29.564903473221406,29.524479285536295,29.58376809437803,0.014524884799120398,224,-0.5218296938264073,-0.5226207307548667,-0.729186220530295,-0.3428641330512789,0.05901685523233806,224,-0.118386514843847,-0.10672358462399059,-0.4765200972557565,0.1649491458523134,0.12060136414461926,224,0.5370016983767834,0.5406542201124982,0.1258280904000951,0.8950992073334344,0.13340431814511017,0,,,,,
RWA.1.4.2_1,Cyuve,Musanze,cyuve,musanze,33.05434551212677,368,368,1913.067185990338,1905.9972222222223,1827.66,2028.941111111111,47.83704663527499,368,-1.4742891690470188,-1.472787908402063,-1.5024323128683683,-1.4485333958450612,0.01277186842056749,368,29.655975067373994,29.656531632221302,29.621497336144134,29.6915659283205,0.01755808324231057,368,-0.5306852350573779,-0.5383995904443,-0.6538646000333173,-0.3726757694811909,0.056727272772944974,368,0.043891989802970995,0.05046148405144435,-0.1567347932041278,0.1913264661224805,0.06357801119814246,368,0.39763011654572716,0.4036305151291496,0.1818243914428158,0.6223885871373013,0.08821141329296596,0,,,,,
RWA.1.4.3_1,Gacaca,Musanze,gacaca,musanze,34.36761296716713,380,380,1815.3614853801168,1818.2183333333332,1656.838888888889,1979.4688888888888,56.91995239698667,380,-1.5019429673947544,-1.5024323128201473,-1.5347716629948374,-1.4593131791716158,0.01777868499591747,380,29.697728844007433,29.696955820056097,29.66731141561781,29.73199011620111,0.014602721771933882,380,-0.40078174279412104,-0.49519263717703865,-0.6268613356979804,0.612599786082258,0.28779316717861775,380,-0.05468005821342712,-0.07730403404478339,-0.2779972355460831,0.9021663281363236,0.10848016548342578,380,0.3984814963391055,0.463610132715871,-0.91488399967597,0.6421805141364163,0.22378385777264673,0,,,,,
RWA.1.4.4_1,Gashaki,Musanze,gashaki,musanze,29.089799051309292,322,322,1820.7583574435832,1778.551111111111,1748.9177777777777,2214.681111111111,85.38154962499479,322,-1.533248432795504,-1.5320767173144465,-1.5832806884348696,-1.4835676920158665,0.02728533786028433,322,29.747021553257838,29.745464845407533,29.729295170326896,29.764329466431587,0.008044943202863291,322,-0.09788111211873117,-0.4415526286534447,-0.5751982042454777,0.7129492088953215,0.46722749728153773,322,-0.11176469901831375,-0.1250752365990346,-0.3438411827452931,0.6106135242820913,0.09866136264462962,322,0.22370751099749697,0.4294820814727228,-0.8291360463556726,0.6634588842205466,0.370987834223045,0,,,,,
RWA.1.4.5_1,Gataraga,Musanze,gataraga,musanze,48.324555352889604,408,408,2563.9119284084372,2459.1911111111112,2077.2066666666665,3494.089800995025,362.831341477243,408,-1.5366013199199529,-1.5347716629847117,-1.5671110134660016,-1.5105171500988426,0.013393662673205114,408,29.52556254806322,29.521784339651056,29.489444989318937,29.57837820250637,0.021295606924343926,408,-0.5471240552421575,-0.5471025708257049,-0.6680712047505679,-0.359513489468058,0.04323826155427155,408,-0.12194806657433098,-0.08691265168881135,-0.3600485998272837,0.1284526113289396,0.11300813884805339,408,0.6005538067652608,0.5455288876498503,0.3071491088286044,0.9034538964401712,0.15202320483492449,0,,,,,
RWA.1.4.6_1,Kimonyi,Musanze,kimonyi,musanze,21.438775270812865,236,236,1891.152514124294,1873.5911111111113,1731.3366666666666,2095.526666666666,92.82129507230843,236,-1.5241174915315931,-1.521296933865027,-1.5698059590492977,-1.4943474753862491,0.01846849670536982,236,29.592469571978953,29.59185293174338,29.57029336502656,29.61880239047677,0.01030434034723601,236,-0.5509123823810252,-0.5556760955623027,-0.6346066437378413,-0.3962453087528259,0.033206546782552235,236,-0.06720976316845384,-0.060253996292227205,-0.3109459682299167,0.1640569884280086,0.0966211698857424,236,0.539954626564506,0.5367276494573686,0.2741499148832985,0.7935936089412345,0.10636576512127575,0,,,,,
RWA.1.4.7_1,Kinigi,Musanze,kinigi,musanze,68.0723356361321,740,740,2537.3704696642862,2496.5222222222224,2209.8755555555554,3460.0822222222223,208.52263929108318,740,-1.4364826176314038,-1.4350586665468694,-1.4808727459762805,-1.3892445868786374,0.01961484386565117,740,29.55191674774704,29.55142874400054,29.492139935279763,29.610717552836135,0.03133953698810622,740,-0.5752501736947694,-0.576441315191087,-0.6915659980790878,-0.4293595847968701,0.04121821994945442,740,-0.13017487002450626,-0.1185822420132962,-0.3918048482726491,0.2514723259422292,0.1184718371872696,740,0.6412837874137968,0.5998683200347634,0.2987348717385782,0.9113474022191288,0.1525624498768254,0,,,,,
RWA.1.4.8_1,Muhoza,Musanze,muhoza,musanze,21.105175429732384,234,234,1789.0498528015194,1810.0844444444444,1642.5733333333333,1882.2866666666664,62.34953198801199,234,-1.5125556350763705,-1.5105171501896117,-1.534771662976366,-1.4943474753390993,0.009189372036556783,234,29.645394826130495,29.645751848845094,29.610717552749712,29.67539625322972,0.015990263140558226,234,-0.4870207337132801,-0.4888574883965656,-0.7081577753442854,-0.3581125593401817,0.05369162319956865,234,-0.033900729233027234,-0.03409317796433885,-0.2362433914775315,0.1703384312547566,0.08677490641299032,234,0.4382477262837489,0.44382649919797884,0.0912417723195271,0.7037234493573573,0.12293517225742259,0,,,,,
RWA.1.4.9_1,Muko,Musanze,muko,musanze,20.19111889919126,222,222,1709.946136136136,1713.9366666666665,1636.5666666666666,1885.9644444444448,46.06826409352944,222,-1.544883779700077,-1.545551446372115,-1.5671110135026507,-1.5212969338507876,0.010118333595307201,222,29.61976140260885,29.62149733609603,29.589157986000988,29.64575184890052,0.015413087232771183,222,-0.5479890874797586,-0.5481311390221835,-0.6358014927630766,-0.4180015552445139,0.03762462551535414,222,-0.03444265162820962,-0.0253122357964837,-0.3339203149943237,0.1613498824567078,0.08787982172893616,222,0.5257129793166402,0.5156470250876523,0.3245739741330816,0.7406278486264999,0.08270889444831121,0,,,,,
RWA.1.4.10_1,Musanze,Musanze,musanze,musanze,32.66200586847179,370,370,2117.5021471471473,2123.062777777778,1866.2755555555557,2485.71,154.75315829827156,370,-1.4778646037433047,-1.478177799939382,-1.5024323128729715,-1.4512283415818688,0.012086412570479101,370,29.581058581139533,29.58107314830619,29.52986917722999,29.626887227975143,0.024033179888379993,370,-0.5473505484796971,-0.5523515292333443,-0.6501994087640841,-0.4127825508011818,0.03857454480762704,370,-0.023039637048792947,-0.01755403930382625,-0.2381878643958965,0.1514115461202567,0.07124086887785472,370,0.48492633788064415,0.4900805947071321,0.208397733324772,0.6818753664883537,0.09352041160137287,0,,,,,
RWA.1.4.11_1,Nkotsi,Musanze,nkotsi,musanze,24.130865690597265,266,266,1816.5555096073517,1720.73,1549.4455555555555,2487.781111111111,244.26247127383294,266,-1.575854390248447,-1.5751958510184343,-1.5913655260250077,-1.5563312297017105,0.008836539310854123,266,29.618761864844554,29.618802390458892,29.58107314836304,29.653836686464572,0.019256397380335518,266,-0.5430211094854925,-0.5403453612617464,-0.7045940316074387,-0.4611933423860229,0.03386332549588656,266,-0.11399382633991627,-0.1176461624464554,-0.4232693613467828,0.1590882525819659,0.09074888893327081,266,0.5814765750517848,0.5804642475215156,0.3212195108380722,0.8983395194953178,0.09909105058066711,0,,,,,
RWA.1.4.12_1,Nyange,Musanze,nyange,musanze,54.94985338411601,607,607,2376.460276404906,2281.0666666666666,1983.3144444444445,3371.068888888889,305.55095297287426,607,-1.4276708742538133,-1.426973828952592,-1.4781777999404433,-1.3865496412603535,0.024580516198911957,607,29.62566628867839,29.624192282044337,29.589157985966708,29.659226578199483,0.01765715532603314,607,-0.5714071574067053,-0.5704161668243649,-0.7235722326729633,-0.2402310474401832,0.05633995462520278,607,-0.1273155599976894,-0.1267762692535563,-0.3679386850768444,0.1498634135951753,0.11595733390452855,607,0.6414117666023408,0.6145360831168111,0.2581286296374537,0.9119306889169436,0.16951478976810058,0,,,,,
RWA.1.4.13_1,Remera,Musanze,remera,musanze,25.800503771374583,289,289,1833.9685121107268,1823.09,1723.0766666666666,2093.998888888889,70.81482391888795,289,-1.5418960181818433,-1.5401615548160594,-1.575195850952667,-1.5078222047414764,0.016165222428785854,289,29.71962507046889,29.721210332646105,29.694260874267737,29.740074953764054,0.010960734961290916,289,-0.39316199277775404,-0.4931844038372521,-0.6050550446907269,0.5992702937804891,0.29386865867971573,289,-0.10290142470636865,-0.1296088571178018,-0.2869914743449759,0.7238738258852191,0.1274433877862878,289,0.4540240002174772,0.5527631257981857,-0.859293437402123,0.680579276102393,0.2902997023047378,0,,,,,
RWA.1.4.14_1,Rwaza,Musanze,rwaza,musanze,27.56275982151848,306,306,1739.221579520697,1739.7338888888887,1566.398888888889,1908.0377777777776,66.8492507776942,306,-1.5581807025226946,-1.5563312297084875,-1.596755417749088,-1.529381771077938,0.017026080179779083,306,29.667258573615,29.664616469814682,29.645751848786187,29.69695582007393,0.012973130296420304,306,-0.52644852268755,-0.5282519933052041,-0.5962740850530653,-0.385684863453632,0.026414781458903743,306,-0.12206030364814194,-0.1204862117558482,-0.2718619976357525,0.0217677298606301,0.05430650439916799,306,0.5697080066424084,0.5667256100739402,0.4371755963093319,0.7483745019207169,0.06273322389811964,0,,,,,
RWA.1.4.15_1,Shingiro,Musanze,shingiro,musanze,49.888491268508844,429,428,2565.6988755273437,2474.5244444444443,1978.4611111111112,3395.543571779462,372.9578476099666,429,-1.5000263355333545,-1.49973736691199,-1.5239918795823857,-1.475482854519687,0.011942596649676248,429,29.533355645628934,29.532564123097657,29.489444989393064,29.583768094351935,0.02363764439631019,428,-0.5678644975015732,-0.5658711438944503,-0.6512372082475707,-0.3998661335285949,0.034205586803737954,428,-0.11361097024392047,-0.07539563477510905,-0.366281332026198,0.137215370062805,0.12129980350494486,428,0.6149215742076841,0.5585062168366439,0.3671660580754218,0.9057995360062784,0.15212373089846024,0,,,,,
RWA.5.1.1_1,Bumbogo,Gasabo,bumbogo,gasabo,61.12741540532233,634,634,1580.4485558376432,1574.0477777777778,1382.9455555555555,1832.6744444444444,96.64713190059841,634,-1.8899944312140744,-1.8905045156144547,-1.9470983783883449,-1.8258258150972568,0.028534559374756744,634,30.154412251744407,30.15509661492791,30.111977481346255,30.195520802866685,0.015531272938808207,634,-0.5207218721258772,-0.526056546266663,-0.6071873629420856,-0.3644773940601488,0.03858725770819987,634,-0.002717123008700383,-0.00119462651561355,-0.2263389319399572,0.22428033878173,0.06455590124452548,634,0.43161460568430376,0.44033267255479447,0.1207155321397239,0.6766583924145388,0.09097530139535719,632,13.884588488493545,13.83259831243091,2.555069317817688,28.52180943322296,5.369701650881089
RWA.5.1.2_1,Gatsata,Gasabo,gatsata,gasabo,6.096727178110713,62,62,1484.6964516129033,1475.3133333333335,1369.44,1686.7066666666667,88.3939161864384,62,-1.92253959775436,-1.9228438658377849,-1.9417084868459455,-1.906674190631752,0.010387223433312408,62,30.04212622351449,30.041908889128404,30.036518997435063,30.049993726622397,0.0038205390931597793,62,-0.46259495849165294,-0.4610334446132379,-0.5477454770673253,-0.361586056769576,0.051514610621205874,62,-0.00806004258944623,-0.0102914474523522,-0.2675193688497992,0.1452241883192435,0.0842374980418922,62,0.37690440360573946,0.37133083293705654,0.1556921924976951,0.6126120040910262,0.12559672971258684,62,14.45729363353449,13.697968272500567,1.9831735004319084,30.935722522735595,6.400867772483337
RWA.5.1.3_1,Gikomero,Gasabo,gikomero,gasabo,34.9827951287815,3,3,1660.2021980114962,1651.6773467496362,1643.501063285688,1685.4281839991652,22.22556365108096,3,-1.896792722661455,-1.8958944074679305,-1.898589353068838,-1.8958944074475967,0.0015559275740051192,3,30.197317433317366,30.198215748539088,30.195520802851444,30.19821574856157,0.0015559276247026524,3,-0.5746538225108413,-0.5696641482873396,-0.5924453242160209,-0.5618519950291633,0.015895300699463544,3,0.08528323501913171,0.0676454738491494,0.0653475483781292,0.1228566828301165,0.03255983876912153,3,0.38716730311629544,0.3991015899508732,0.3625710937393889,0.3998292256586241,0.02130404891599871,3,12.36027762779449,13.654722543287026,9.462709561912217,13.963400778184228,2.5141094020528167
RWA.5.1.4_1,Gisozi,Gasabo,gisozi,gasabo,8.371142791157402,99,99,1444.4623905723906,1438.0366666666666,1370.831111111111,1562.6722222222222,52.73394504490525,99,-1.917698969214303,-1.917453974131734,-1.93362364920511,-1.9012842988932637,0.008417967538331678,99,30.061127391913587,30.06077351016335,30.049993726611927,30.07424823938072,0.0072604117731466045,99,-0.4255041847082871,-0.4260400827330713,-0.5012287501044485,-0.2902663775409095,0.03853434741999698,99,0.03487629568761575,0.0676219459220345,-0.2006152517065102,0.1350177904554908,0.08391513246438141,99,0.2926608101591998,0.2568846382620318,0.1159467202489793,0.5744407081071973,0.12332603531604706,99,9.09651147970982,8.438480078114404,2.063764063384798,24.12873549249437,4.6337016511674545
RWA.5.1.5_1,Jabana,Gasabo,jabana,gasabo,36.1107812622888,402,402,1546.1190326147043,1538.5266666666666,1377.4533333333334,1798.9066666666668,97.42612394466472,402,-1.8646947107974898,-1.8635550571707113,-1.903979244881656,-1.828520760883191,0.01764379132680005,402,30.063850575170527,30.06346845593879,30.031129105678744,30.095807806150027,0.014898174627108534,402,-0.4851748414764227,-0.49174822075286434,-0.5764698064942037,-0.1650079804685206,0.05165798254076977,402,-0.041648813068477564,-0.0419101673132294,-0.1931575196826757,0.1727411166939023,0.05959741132643499,402,0.44363890800063793,0.4582133770479474,0.1299794435718178,0.601178332351611,0.08484498643139485,402,13.429283230620532,13.063029643992582,1.8886785610516863,28.76500154495239,5.521761177264783
RWA.5.1.6_1,Jali,Gasabo,jali,gasabo,37.17502905870608,417,417,1722.8345776711963,1720.3422222222223,1395.9355555555555,2058.438888888889,156.35622924711652,417,-1.882736350337547,-1.882419678127775,-1.9390135407402804,-1.8366055984356513,0.022987397430161857,417,30.016652658013577,30.017654376444444,29.990704917987316,30.04999372660837,0.013010258707645014,417,-0.507468545368228,-0.5121219537108321,-0.5789094590087841,-0.3835429959930811,0.032746695498562434,417,-0.071742101321028,-0.0713675435597831,-0.2639418868158097,0.1346020358265108,0.06644277835692376,417,0.49958112270502586,0.5097266011169678,0.1825252318805404,0.7038846617916429,0.0774144663868853,417,18.391023511878974,17.96914213180542,4.05758604394065,33.62067658106486,6.779927745265775
RWA.5.1.7_1,Kacyiru,Gasabo,kacyiru,gasabo,5.708784967928655,63,63,1427.9478306878307,1428.4633333333334,1374.4688888888888,1472.0633333333333,27.436481908642065,63,-1.9376446795429854,-1.9363185951881527,-1.9470983784178224,-1.9282337574840551,0.0050735823975839355,63,30.080194231028702,30.07963813108853,30.060773510108685,30.09580780616958,0.009585177075058661,63,-0.41709594084228574,-0.4176896400261315,-0.4998219904745594,-0.2236166925179473,0.04020390779704302,63,0.02632092792365042,0.0375465904952274,-0.1413774668655124,0.1405486094770667,0.05529168955562663,63,0.3183775758098875,0.3185384821518244,0.1598622845606928,0.5499911887937686,0.09429623938846848,63,7.583700853770162,7.902161591450374,3.2994671421580843,11.885366532537672,2.195343753502422
RWA.5.1.8_1,Kimihurura,Gasabo,kimihurura,gasabo,4.97306408284122,55,55,1445.2900808080808,1447.48,1379.1933333333334,1497.21,32.23706730255588,55,-1.954301233791053,-1.9551832160107936,-1.9632680538409304,-1.9444034327309905,0.005366247737291906,55,30.088065961761615,30.087722968553503,30.07424823935799,30.101197698044427,0.007131185338408452,55,-0.42723846174237534,-0.4207019927742623,-0.5605274513299828,-0.2888691811274845,0.049719050735135044,55,-0.00215817621724015,0.0091866376388801,-0.1878094397390506,0.0881998642537109,0.05883224886873665,55,0.36498340692952214,0.3368295180258338,0.2160953717526817,0.674880397078211,0.09939552114074796,55,7.355866848973314,8.15367513232761,3.355638268722428,12.163446519904667,2.4111901427733544
RWA.5.1.9_1,Kimironko,Gasabo,kimironko,gasabo,11.432203090330692,119,119,1460.958543417367,1464.8622222222225,1388.8155555555556,1522.3777777777775,30.93075323770168,119,-1.9387191350934325,-1.9390135407336735,-1.9578781618641097,-1.9228438657758975,0.009314378424678455,119,30.12418400077302,30.12545221065654,30.106587589578066,30.138926940018557,0.008462909140105031,119,-0.4439982163755733,-0.4372422614954218,-0.5604064395040635,-0.3882583212176346,0.03227831945920689,119,0.07109433662446359,0.0863237441788097,-0.1609080341184891,0.1424032662918053,0.056231229582111644,119,0.26660642402870127,0.2383710887139937,0.1169744030826043,0.6061645852633543,0.09919614105793051,119,7.556496909245167,7.9302038666937085,2.96409294101927,14.553794108761682,2.1609841137109864
RWA.5.1.10_1,Kinyinya,Gasabo,kinyinya,gasabo,24.176965825843986,264,264,1436.744924242424,1436.7372222222223,1376.2544444444443,1509.6644444444444,32.03378688151747,264,-1.9092058065215458,-1.9093691367195857,-1.933623649098297,-1.8905045155172584,0.01078110301417465,264,30.096583623959578,30.095807806067462,30.06077351021049,30.128147156341907,0.01560664120806273,264,-0.4577776116050252,-0.4614592205303289,-0.5573563176844331,-0.2318449289376902,0.043937165363907425,264,0.04167422066365362,0.054319481458812796,-0.2349229927256913,0.2177426594019919,0.06431582642155032,264,0.3357534569805491,0.328476806653086,0.1285449641184309,0.7020913150053688,0.10411825360686981,264,7.495296531315605,7.553514683643977,1.8908453816837736,14.20284404039383,2.401881988964162
RWA.5.1.11_1,Ndera,Gasabo,ndera,gasabo,50.261827235971985,456,456,1488.1765892253968,1457.3827777777778,1348.1655555555556,1764.8022222222223,96.67513199185608,456,-1.9322939062227085,-1.9390135408224554,-1.9767427830730149,-1.8716398946278492,0.026632487256870317,456,30.18055676130702,30.184741019200622,30.1389269398961,30.206300586300543,0.016318415796025477,456,-0.5081718789144143,-0.5123507937092522,-0.6210131667275686,-0.3461523379451748,0.032961589554746,456,0.005914079593958993,0.0066367360700021,-0.2352982042971742,0.1470594282924582,0.05274986795656012,456,0.4119673785372142,0.4214835451554946,0.1475211012072509,0.7165262619541166,0.0828673683065567,455,9.528449938295527,8.571774110794067,1.993735465142462,25.281518018510607,4.410607240267223
RWA.5.1.12_1,Nduba,Gasabo,nduba,gasabo,46.572997735681746,501,501,1544.5948432863786,1538.0566666666666,1381.0777777777778,1761.6644444444444,89.95289229328473,501,-1.8524041134573035,-1.8527752735805831,-1.890504515564726,-1.815046031714872,0.02119382489453049,501,30.111929069130255,30.11197748131081,30.07424823930714,30.141621885724117,0.01597302310288012,501,-0.4992346653051556,-0.5078836945047566,-0.5903745869856085,-0.1728247226611776,0.05692864923668794,501,-0.058311376890885,-0.0545637817605538,-0.2889966724409279,0.1877587682414628,0.0762963017866377,501,0.47682842552007093,0.4841515611991444,0.2045291832067098,0.7217215154440462,0.10297854814010958,501,14.216645312151654,14.350523664156595,1.7875850247674518,31.67867487165663,6.0374055093758985
RWA.5.1.13_1,Remera,Gasabo,remera,gasabo,7.416782585550188,81,81,1454.6608230452675,1449.9022222222222,1398.4144444444444,1523.5733333333333,34.690107284628915,81,-1.9472314622476736,-1.9470983784423623,-1.9659629993760608,-1.9255388116405667,0.011159656838528553,81,30.1058888999617,30.1038926437802,30.093112860399163,30.122757264785143,0.006747836832417631,81,-0.4195463499016193,-0.4143861154834225,-0.5143923460442129,-0.3253975171162218,0.04163284986176427,81,0.04314158679746142,0.0427399720954697,-0.1597564862260377,0.1368568466933236,0.05616828308457692,81,0.2975224959472438,0.3003289679332973,0.1045545469139043,0.5919077953311958,0.11306218926631344,81,7.078866450674576,7.154331573711501,2.680746568441391,11.292098597950403,2.011126298782588
RWA.5.1.14_1,Rusororo,Gasabo,rusororo,gasabo,52.49404211434748,41,41,1401.739872971656,1401.6044444444444,1343.5722222222223,1466.7993271423722,36.633758011928485,41,-1.9774658171456114,-1.9767427830817887,-1.9848276205205828,-1.968657945403984,0.0051846860585138274,41,30.194732038102096,30.195520802804804,30.18474101921766,30.203605640225355,0.005464958900048719,41,-0.49113771108740173,-0.4929801074805436,-0.5513694962351895,-0.3452855643156852,0.0361099916903224,41,0.055515876777991725,0.062810428497744,-0.0289074370623478,0.1308868271145763,0.03482184808323509,41,0.33955284733598734,0.344428098545126,0.1969296370283343,0.4913540367146378,0.06185778368259009,41,6.544624372942749,6.645191970666249,2.407423866126273,10.66554338971774,2.240261893207573
RWA.5.1.15_1,Rutunga,Gasabo,rutunga,gasabo,43.031013805388845,2,2,1463.006588441945,1463.006588441945,1454.3728512527744,1471.640325631116,12.209948226890393,2,-1.8433429631799436,-1.8433429631799436,-1.8446904363288763,-1.8419954900310107,0.0019056148021544235,2,30.16452892545938,30.16452892545938,30.163181452411425,30.16587639850733,0.0019056146593470565,2,-0.5528739739570236,-0.5528739739570236,-0.5698763378886782,-0.5358716100253691,0.024044973664549007,2,-0.20933571346734045,-0.20933571346734045,-0.3624993315984382,-0.0561720953362427,0.21660606602313212,2,0.6692752992958109,0.6692752992958109,0.5207219750474779,0.8178286235441438,0.2100861258876004,2,18.005621312885737,18.005621312885737,8.805039522332962,27.206203103438515,13.011587549922673
RWA.5.2.1_1,Gahanga,Kicukiro,gahanga,kicukiro,36.99449318313045,414,414,1425.5829978529255,1422.7688888888888,1338.6988888888889,1607.5466666666666,71.02371705711428,414,-2.0316506772521383,-2.030641700146817,-2.062981050025391,-2.0009972955603077,0.01470530545025643,414,30.10943225468999,30.109282535477362,30.079638131001037,30.152401669184588,0.01724726714138429,414,-0.45126632513517756,-0.48561504467222516,-0.5575852684179902,0.1196733305381055,0.09548708272769538,414,-0.01226316507307728,0.0197464731703085,-0.4540753181549767,0.1863853216003127,0.11224539574205725,414,0.376287425650918,0.3667702120494091,0.1482605245574132,0.6959624211496086,0.09929173865312148,414,6.810463783953437,6.8803219969073925,1.1434779277775022,19.401885605918036,3.6016741088100126
RWA.5.2.2_1,Gatenga,Kicukiro,gatenga,kicukiro,12.261068054871304,137,137,1566.9957583130574,1555.6922222222222,1411.0466666666666,1794.171111111111,91.38297953262985,137,-1.9984793899462299,-1.9983023496956396,-2.027946753949203,-1.9713528911501583,0.01392381846277194,137,30.08292321107977,30.082333077028867,30.066163401859733,30.10389264380922,0.009019696718249896,137,-0.47905377217870065,-0.4829610349256335,-0.5666025981861597,-0.3818424958698925,0.04463317953796899,137,0.023132322012186974,0.0293171616195126,-0.1526803231227948,0.1425874517275768,0.06703482119659984,137,0.3466207258363946,0.3519293537296447,0.1226650791073886,0.5818134058345213,0.11415923478696675,137,10.653394367053368,10.520381467607288,2.5664696089426675,20.07008063952128,3.748414787832638
RWA.5.2.3_1,Gikondo,Kicukiro,gikondo,kicukiro,3.4123197923280157,38,38,1481.8705555555555,1458.6405555555557,1390.772222222222,1696.0466666666666,81.35913945478302,38,-1.9737641585296206,-1.9727003640622716,-1.9929124580629165,-1.957878161797511,0.010118338610805902,38,30.079141693688065,30.079638131028684,30.071553293567163,30.087722968496877,0.0035363462456537115,38,-0.44439135460085805,-0.43898676981437157,-0.5157173295371716,-0.3977449170439988,0.029825517143989413,38,0.05016475381440829,0.07739360369559915,-0.0918960651411752,0.1385732025565056,0.065350474630739,38,0.2947568910950757,0.26728555706807317,0.1276733397093977,0.5215291537730253,0.10688205139755666,38,8.243286269572046,7.3309522195657095,2.1511611622571944,17.48316474172804,4.065311177858596
RWA.5.2.4_1,Kagarama,Kicukiro,kagarama,kicukiro,7.933119026339698,89,89,1491.6429463171037,1464.4488888888889,1347.4911111111112,1692.48,95.85838748506775,89,-1.9971516986688673,-1.9983023496466543,-2.011777079032212,-1.9848276204189907,0.00653701322639489,89,30.113491495850504,30.111977481314018,30.09311286044615,30.13353704820832,0.011490964927344029,89,-0.4804097366150688,-0.479841784953899,-0.5793095284935817,-0.4046524559471638,0.04342269165632669,89,0.047615180435300414,0.0780932215946143,-0.2668401636928932,0.1389344956129853,0.07841409531192925,89,0.3298639618293073,0.2908317678965612,0.1660813502470326,0.6701273530248807,0.12483714693288904,89,8.464413486654392,7.698582047356499,3.477152544061343,23.63607226901584,3.5009191725867015
RWA.5.2.5_1,Kanombe,Kicukiro,kanombe,kicukiro,22.91724886984972,254,254,1405.3708530183726,1410.0772222222222,1338.3011111111111,1496.1677777777777,49.155298069623846,254,-1.9976020881897674,-1.99830234960943,-2.033336645741402,-1.9605731076689907,0.01735712970727236,254,30.14514441335692,30.147011777393047,30.117367372927877,30.16857134426473,0.01151879298627124,254,-0.46747614878584703,-0.4720947630087634,-0.5590466598390911,-0.2576622337039551,0.04772700494834892,254,0.045067146612611665,0.06502035909514065,-0.2126304155905406,0.1742256682786074,0.06958894447563933,254,0.34294861833121465,0.3244040108926254,0.1298904892807738,0.6123761695538839,0.11058897649924283,254,6.282053184403678,6.206029078000121,1.4095352221859827,13.12111561457316,2.933466014050773
RWA.5.2.6_1,Kicukiro,Kicukiro,kicukiro,kicukiro,2.0629792430388907,24,24,1450.6834259259258,1448.4444444444443,1400.5533333333333,1494.6866666666667,27.945750920596478,24,-1.9718020488105583,-1.9713528911766112,-1.9794377286028737,-1.9659629993090235,0.004180031382128523,24,30.09704298975602,30.098502752105485,30.08772296852069,30.103892643815396,0.004766797189622575,24,-0.398147091013723,-0.3985005878479399,-0.4522470828669956,-0.3401975855442302,0.024373054306219496,24,0.08440947383322446,0.10013075238242786,-0.051997961995412,0.129295667687241,0.04721952948835244,24,0.21155058910493882,0.1917737142771452,0.1159672936580725,0.4180888509324174,0.07545220279932421,24,6.1055549123027815,5.724582685629527,2.561840701500574,9.769279844959575,1.7669137354579014
RWA.5.2.7_1,Kigarama,Kicukiro,kigarama,kicukiro,8.41097130768073,92,92,1548.9680072463768,1522.6172222222222,1401.8633333333332,1779.15,96.72871735929127,92,-1.9870538800630717,-1.987522566380579,-2.006387187388442,-1.9605731076647348,0.011283381825947089,92,30.06472805024311,30.066163401869666,30.049993726627463,30.076943185263353,0.0069251826921913175,92,-0.4548130840898968,-0.4585800911763825,-0.5541892951372547,-0.3502862671569221,0.040287388585989424,92,0.031096668649258766,0.04241815669154585,-0.2295256265713481,0.1477984352382665,0.07380834743719941,92,0.3165260034325176,0.3083438427132362,0.1016116321584987,0.6514258061192076,0.11738478529926452,92,10.773428539208313,10.523584894273016,3.824361900024944,23.172398732503257,3.7026091710946347
RWA.5.2.8_1,Masaka,Kicukiro,masaka,kicukiro,52.60882084684921,135,135,1370.216904711353,1366.1622222222222,1337.9833333333331,1426.9677791246138,27.848453402275126,135,-2.00946142178824,-2.009082133168973,-2.033336645788405,-1.9875225662911535,0.012079847755928179,135,30.179291239949663,30.179351127704965,30.163181452345587,30.198215748554823,0.009285892149070822,135,-0.44980947531395893,-0.4713345621899558,-0.5627968177482088,0.3508081707924066,0.10976059724667438,135,-0.019908765508744344,-0.0022273164258919,-0.2185241168217012,0.1431349968659581,0.08349101910247149,135,0.4102772892589511,0.3961467598223911,0.0173136931957597,0.6666136954860644,0.12229961164587064,135,4.703392367835863,4.2395869630839105,1.4323539211352667,10.643231152693431,2.296854892673852
RWA.5.2.9_1,Niboye,Kicukiro,niboye,kicukiro,5.050873028350204,54,54,1443.806851851852,1446.4055555555556,1376.7266666666667,1495.4811111111112,34.134311088883784,54,-1.9759941868233486,-1.97674278299929,-1.9902175121876875,-1.963268053719022,0.007205036776126931,54,30.113923831105698,30.114672427163086,30.103892643751443,30.12545221068705,0.005978519577816411,54,-0.4365829446183214,-0.42887107907519895,-0.555761052289501,-0.360558900947439,0.038844327431795514,54,0.06800754969982813,0.07755784447375061,-0.0539814870054788,0.1236523961059059,0.04464344351882995,54,0.27122851498103306,0.2609514768199914,0.1244891199787916,0.4959332711450395,0.08850607832818816,54,6.573341546391019,6.718067650397618,2.735914266043239,11.222528502941133,1.9192926161277195
RWA.5.2.10_1,Nyarugunga,Kicukiro,nyarugunga,kicukiro,15.299086315380123,168,168,1422.0697420634922,1426.4027777777778,1339.5277777777778,1493.1266666666668,44.02122125867831,168,-1.9746253254393846,-1.9740478369034413,-1.9983023497275223,-1.9551832160557256,0.011369387934445276,168,30.158417173249774,30.16048650674827,30.12275726474974,30.18204607359443,0.015448870749025258,168,-0.4699425431886864,-0.47428475500503153,-0.5776349208022469,0.226353645842676,0.07618241533060795,168,0.05549602056470104,0.0790427841503617,-0.2026466536620123,0.1841235690656783,0.07204205689965398,168,0.33108746440907044,0.3171788127022007,0.0367172583567584,0.6448381644858823,0.13064351922668196,168,6.073679890556546,5.665198786424266,2.2335912601153054,11.838911603424284,2.3462686935999377
RWA.5.3.1_1,Gitega,Nyarugenge,gitega,nyarugenge,1.2756053780004335,14,14,1471.7951587301588,1469.5738888888886,1406.2166666666667,1532.6277777777775,35.056574849681034,14,-1.9532582547431774,-1.9538357431530784,-1.9632680538097271,-1.9444034326912796,0.006291731583037948,14,30.05519112230559,30.055383618471517,30.049993726713417,30.058078564295094,0.0024709278656356326,14,-0.4067770777893562,-0.4035532179162301,-0.44323565635649,-0.3828432122906437,0.01796315999892695,14,0.09073705669540241,0.09161981326239235,0.0427273900592252,0.129758026705864,0.02612774989638238,14,0.1997012244447143,0.19395260942933254,0.1363600563573207,0.3062148502587405,0.05099847926954787,14,11.89736623287674,11.291793959637483,6.674881450865004,16.32952924436993,2.827445162874325
RWA.5.3.2_1,Kanyinya,Nyarugenge,kanyinya,nyarugenge,24.175865083274385,272,272,1588.8845138888887,1609.2994444444444,1355.64,1913.5611111111111,158.30561433180011,272,-1.9174936056840675,-1.9228438658386597,-1.9497933243870331,-1.8689449486234857,0.02164141659405798,272,30.002366503518598,30.00148470139029,29.979925134501517,30.033824051690967,0.013289361266433816,272,-0.48326651823025985,-0.48465011648548506,-0.5816841015149699,-0.270262136763904,0.052545733647483356,272,-0.0881501778783917,-0.0773016499851773,-0.3257696768125592,0.1578525662332353,0.08383252173362221,272,0.5050942092783979,0.5188052151069518,0.2143863542844268,0.7349404140312339,0.0854328532741013,272,16.208422219331553,17.468195847074192,1.4265432184934617,30.846027590433756,7.798334669101304
RWA.5.3.3_1,Kigali,Nyarugenge,kigali,nyarugenge,29.431738815275022,336,336,1486.7390542328042,1453.6505555555555,1349.4722222222222,1847.4233333333336,129.53867851006083,336,-1.9795981421849942,-1.9794377285796076,-2.017166970757672,-1.9444034326653672,0.01979321965589882,336,30.018849456651623,30.02034932228458,29.99339986382927,30.039213943432394,0.010842875300879065,336,-0.4564670361937035,-0.4722379836115239,-0.551525628127042,-0.1592567562294024,0.06163470175259755,336,-0.07489418178910956,-0.0683440188984251,-0.3611626407096048,0.1281326053798317,0.08470454067890192,336,0.46556715632904744,0.4701712400605047,0.1465821019223183,0.72856331584858,0.09702417319874236,336,11.531687166340769,11.101352119147778,1.543028281993336,29.504589015112984,6.8823256755103195
RWA.5.3.4_1,Kimisagara,Nyarugenge,kimisagara,nyarugenge,3.3995666725979117,35,35,1523.8755555555556,1503.2688888888888,1377.6877777777777,1778.84,100.22363655147439,35,-1.9527962640103227,-1.9524882702067647,-1.9605731077395432,-1.9417084867899324,0.005801094534325186,35,30.046066805613066,30.044603835041748,30.039213943338943,30.05268867258529,0.0039403528661694194,35,-0.42014081024070854,-0.4147185504174772,-0.5331879649445243,-0.306272976383783,0.04962406597874511,35,0.047373110678372014,0.0894768307236724,-0.1688624102599997,0.1490754929687063,0.0887903802746543,35,0.26839089962236,0.2104861342520469,0.0900426063984192,0.6005219267245178,0.1537228885819698,35,14.377785857896955,13.45251130580902,4.804213175508711,26.188617533577812,5.2663753335602586
RWA.5.3.5_1,Mageregere,Nyarugenge,mageregere,nyarugenge,54.53049084158416,604,604,1465.7925018395879,1442.9394444444442,1341.94,1796.6833333333334,106.01660089373297,604,-2.041903361086778,-2.0427689562596143,-2.073760833598699,-2.003692241259181,0.015594338407447327,604,30.036005886910623,30.036518997467457,29.98531502627199,30.085028022887204,0.025600657565676126,604,-0.4710771451436953,-0.4899551536715817,-0.568843013473464,-0.0467401619603886,0.07349171610756897,604,-0.06533089474774943,-0.05509267828251865,-0.3681518880185173,0.1317990720415846,0.07704502928904966,604,0.4698815734296184,0.46794045496602454,0.2119216021237,0.6880997447421251,0.08400780298011776,604,11.34115512828098,11.251724193394185,1.1225670201248592,29.915705918735927,6.644581792890346
RWA.5.3.6_1,Muhima,Nyarugenge,muhima,nyarugenge,2.95658677406963,30,30,1420.5666296296297,1409.3038888888889,1373.3522222222225,1503.25,36.50956083192343,30,-1.9417084867802494,-1.9417084868050702,-1.955183216143206,-1.936318595048873,0.004851934988473361,30,30.06167182542489,30.062120983048082,30.047298780906956,30.074248239490263,0.008323950026463738,30,-0.40435529434101036,-0.40607137685869676,-0.4628161267154542,-0.32450263191404,0.03120886287083468,30,0.05764418881297455,0.0667929112372346,-0.1547138227825465,0.142202783533195,0.06442833897952979,30,0.24956859993524377,0.237492598246377,0.0962228363446333,0.5495661541186263,0.10674574612542664,30,8.728808122904212,8.808095249897903,2.840757251713011,12.310371306207443,2.2330655630885943
RWA.5.3.7_1,Nyakabanda,Nyarugenge,nyakabanda,nyarugenge,2.430074884091499,26,26,1625.4809401709401,1609.3072222222222,1501.5866666666666,1815.0611111111111,89.44521115679238,26,-1.9692798559360876,-1.9686579454521596,-1.9767427830794584,-1.963268053751217,0.004529285562651067,26,30.044914790293667,30.044603835033293,30.039213943312692,30.052688672538803,0.004056904055252492,26,-0.42087970353064574,-0.4231727486259743,-0.4807122169415619,-0.3705663519048042,0.02872288390830081,26,-0.012664777849921706,0.07716551095896695,-0.3309448766220164,0.1323400491238173,0.15511691348423454,26,0.3355228425456381,0.22044724910300134,0.1159770875092079,0.7217004218905548,0.2027353764103056,26,13.831443636045496,11.564699516428842,5.381074677507082,25.949070414437188,6.516924967441939
RWA.5.3.8_1,Nyamirambo,Nyarugenge,nyamirambo,nyarugenge,8.623701956421893,96,96,1563.0458680555555,1558.3466666666666,1386.5544444444445,1770.7933333333333,87.62220969097609,96,-1.9924633003572294,-1.990217512229207,-2.0144720247947157,-1.9740478369175831,0.01101595895304701,96,30.043537085622432,30.041908889129914,30.033824051520025,30.060773510219136,0.007246919535263846,96,-0.47208026308608547,-0.4759569253301313,-0.5563019914392008,-0.3792338911111698,0.039617469266595456,96,0.02726120863024614,0.0289557489843093,-0.102754938569234,0.1503884046375301,0.05652051923973296,96,0.33952294591935606,0.33977880141408057,0.1273942623614575,0.569199113938706,0.10167910587024785,96,11.249402830557278,11.160028531021542,3.821830118629668,21.962589451471963,4.613777912828076
RWA.5.3.9_1,Nyarugenge,Nyarugenge,nyarugenge,nyarugenge,4.595442816207816,50,50,1496.9612444444447,1506.1366666666668,1408.8566666666666,1558.6644444444444,46.535411814723815,50,-1.9577703640859425,-1.9578781618599521,-1.971352891177592,-1.944403432716885,0.008238474664162738,50,30.064115242995783,30.063468455932842,30.055383618499093,30.07155329356626,0.004201886774442969,50,-0.41578618640046855,-0.42698764113731635,-0.4983046368214094,-0.2853206203286846,0.04675989080602968,50,0.014942264150068727,0.006105014003311151,-0.1335854525514215,0.1512780855643191,0.07114863605335549,50,0.32957583293222664,0.33472104931225255,0.0913131004404524,0.5933945976575592,0.13285547000135878,50,8.337457473538983,7.917641667458746,3.4198892466227213,15.91670572148429,3.2867096161039298
RWA.5.3.10_1,Rwezamenyo,Nyarugenge,rwezamenyo,nyarugenge,1.0074094361668149,11,11,1535.5782828282827,1536.67,1484.28,1591.7411111111112,32.8466356221566,11,-1.9713528911852867,-1.9713528911828573,-1.976742783048184,-1.9659629992595553,0.0038112290472484003,11,30.052688672577787,30.052688672564997,30.04729878087542,30.058078564266292,0.0031887029665257313,11,-0.39756201540167413,-0.3985983859967059,-0.4186839485911181,-0.3713802760637178,0.014039744808489539,11,0.12114617170449554,0.1240409598966842,0.0694241363877588,0.1621968804405506,0.025685389112053356,11,0.15211449697826115,0.1404908240732975,0.0713072212579268,0.2403355614658671,0.04701435595716264,11,6.664119982502677,6.809123014807701,4.455683567656411,8.325688400798374,1.2728716902666857
